{
  "minecraft": {
    "item_storage.show_name_amount": 5,
    "furnace": true,
    "harvest_tool.show_unbreakable": false,
    "animal_owner": true,
    "harvest_tool.effective_tool": true,
    "energy_storage.style": "PROGRESS_BAR",
    "item_storage": true,
    "item_storage.normal_amount": 9,
    "harvest_tool": true,
    "armor_stand": true,
    "fluid_storage.detailed": false,
    "next_entity_drop": true,
    "energy_storage": true,
    "entity_armor.max_for_render": 20,
    "breaking_progress": true,
    "tnt_stability": true,
    "item_storage.items_per_line": 9,
    "item_frame": true,
    "crop_progress": true,
    "command_block": true,
    "mob_growth": true,
    "waxed": true,
    "harvest_tool.new_line": false,
    "entity_health.max_for_render": 40,
    "entity_health.show_fractions": false,
    "mob_spawner": true,
    "redstone": true,
    "fluid_storage": true,
    "jukebox": true,
    "brewing_stand": true,
    "energy_storage.detailed": false,
    "note_block": true,
    "fluid_storage.style": "PROGRESS_BAR",
    "beehive": true,
    "item_storage.detailed_amount": 54,
    "player_head": true,
    "lectern": true,
    "entity_armor": true,
    "harvest_tool.creative": false,
    "horse_stats": true,
    "item_tooltip": true,
    "entity_health": true,
    "enchantment_power": true,
    "zombie_villager": true,
    "villager_profession": true,
    "mob_breeding": true,
    "entity_health.icons_per_line": 10,
    "total_enchantment_power": true,
    "potion_effects": true,
    "painting": true,
    "chiseled_bookshelf": true
  },
  "apothic_spawners": {
    "spawner": true
  },
  "jade_access": {
    "held_item": true,
    "sign": true,
    "block": true,
    "entity": true,
    "entity_variant": true
  },
  "oritech": {
    "machine_core_controller": true
  },
  "cobblemonintegrations": {
    "healer": true,
    "fossil_analyzer": true,
    "pokemon_entity": true,
    "berry_bush": true
  },
  "jade": {
    "coordinates.rel": false,
    "registry_name.special": false,
    "block_states": false,
    "distance": false,
    "block_face": false,
    "coordinates": false,
    "registry_name": "OFF",
    "block_properties": false,
    "mod_name": true
  },
  "apotheosis": {
    "adventure": true
  },
  "modern_industrialization": {
    "overclock": true,
    "pipe": true
  },
  "apothic_enchanting": {
    "ench": true
  },
  "balm": {
    "jade": true
  },
  "functionalstorage": {
    "drawer": true
  },
  "modularrouters": {
    "router": true
  },
  "extendedcrafting": {
    "elite_auto_table": true,
    "ender_crafter": true,
    "basic_auto_table": true,
    "flux_crafter": true,
    "advanced_table": true,
    "auto_ender_crafter": true,
    "ultimate_table": true,
    "ultimate_auto_table": true,
    "elite_table": true,
    "basic_table": true,
    "crafting_core": true,
    "advanced_auto_table": true,
    "compressor": true
  },
  "corpse": {
    "corpse": true
  },
  "cookingforblockheads": {
    "fridge": true,
    "oven": true,
    "sink": true,
    "preservation_chamber": true,
    "milk_jar": true,
    "toaster": true
  }
}