{
  "apotheosis:adventure": null,
  "apothic_enchanting:ench": null,
  "apothic_spawners:spawner": null,
  "balm:jade": null,
  "cobblemonintegrations:berry_bush": null,
  "cobblemonintegrations:fossil_analyzer": null,
  "cobblemonintegrations:healer": null,
  "cobblemonintegrations:pokemon_entity": null,
  "cookingforblockheads:fridge": null,
  "cookingforblockheads:milk_jar": null,
  "cookingforblockheads:oven": null,
  "cookingforblockheads:preservation_chamber": null,
  "cookingforblockheads:sink": null,
  "cookingforblockheads:toaster": null,
  "corpse:corpse": null,
  "extendedcrafting:advanced_auto_table": null,
  "extendedcrafting:advanced_table": null,
  "extendedcrafting:auto_ender_crafter": null,
  "extendedcrafting:basic_auto_table": null,
  "extendedcrafting:basic_table": null,
  "extendedcrafting:compressor": null,
  "extendedcrafting:crafting_core": null,
  "extendedcrafting:elite_auto_table": null,
  "extendedcrafting:elite_table": null,
  "extendedcrafting:ender_crafter": null,
  "extendedcrafting:flux_crafter": null,
  "extendedcrafting:ultimate_auto_table": null,
  "extendedcrafting:ultimate_table": null,
  "functionalstorage:drawer": null,
  "jade:block_face": null,
  "jade:block_properties": null,
  "jade:block_states": null,
  "jade:distance": null,
  "jade:mod_name": null,
  "jade:object_name": null,
  "jade:registry_name": null,
  "jade_access:block": null,
  "jade_access:block_amount": null,
  "jade_access:block_body": null,
  "jade_access:entity": null,
  "jade_access:entity_body": null,
  "jade_access:entity_variant": null,
  "jade_access:held_item": null,
  "jade_access:sign": null,
  "minecraft:animal_owner": null,
  "minecraft:armor_stand": null,
  "minecraft:beehive": null,
  "minecraft:block_display": null,
  "minecraft:brewing_stand": null,
  "minecraft:campfire": null,
  "minecraft:chiseled_bookshelf": null,
  "minecraft:command_block": null,
  "minecraft:crop_progress": null,
  "minecraft:enchantment_power": null,
  "minecraft:energy_storage": null,
  "minecraft:energy_storage.default": null,
  "minecraft:entity_armor": null,
  "minecraft:entity_health": null,
  "minecraft:falling_block": null,
  "minecraft:fluid_storage": null,
  "minecraft:fluid_storage.default": null,
  "minecraft:furnace": null,
  "minecraft:harvest_tool": null,
  "minecraft:hopper_lock": null,
  "minecraft:horse_stats": null,
  "minecraft:item_ber": null,
  "minecraft:item_display": null,
  "minecraft:item_frame": null,
  "minecraft:item_storage": null,
  "minecraft:item_storage.default": null,
  "minecraft:item_tooltip": null,
  "minecraft:jukebox": null,
  "minecraft:lectern": null,
  "minecraft:mob_breeding": null,
  "minecraft:mob_growth": null,
  "minecraft:mob_spawner": null,
  "minecraft:mob_spawner.cooldown": null,
  "minecraft:next_entity_drop": null,
  "minecraft:note_block": null,
  "minecraft:painting": null,
  "minecraft:player_head": null,
  "minecraft:potion_effects": null,
  "minecraft:progress": null,
  "minecraft:redstone": null,
  "minecraft:tnt_stability": null,
  "minecraft:total_enchantment_power": null,
  "minecraft:villager_profession": null,
  "minecraft:waxed": null,
  "minecraft:zombie_villager": null,
  "modern_industrialization:machine": null,
  "modern_industrialization:overclock": null,
  "modern_industrialization:pipe": null,
  "modularrouters:router": null,
  "oritech:machine_core_controller": null
}