{
  "config": {
    "percentageExtraMaxHealth": 50.0,
    "percentageExtraSpeed": 50.0,
    "percentageExtraFlySpeed": 0.0,
    "percentageExtraAttack": 50.0,
    "percentageExtraArmor": 50.0,
    "percentageExtraAttackSpeed": 50.0,
    "percentageExtraArmorToughness": 50.0,
    "percentageExtraAttackKnockback": 50.0,
    "percentageExtraKnockbackResistance": 50.0,
    "percentageExtraLuck": 50.0,
    "percentageExtraSwimSpeed": 0.0,
    "percentageExtraBlockReach": 0.0,
    "percentageExtraEntityReach": 0.0,
    "percentageExtraStepHeightAddition": 0.0,
    "isEnable": true
  }
}