{
  "config": {
    "percentageExtraMaxHealth": 120.0,
    "percentageExtraSpeed": 120.0,
    "percentageExtraFlySpeed": 0.0,
    "percentageExtraAttack": 120.0,
    "percentageExtraArmor": 120.0,
    "percentageExtraAttackSpeed": 120.0,
    "percentageExtraArmorThougness": 120.0,
    "percentageExtraAttackKnockback": 120.0,
    "percentageExtraKnockbackResistance": 120.0,
    "percentageExtraLuck": 120.0,
    "percentageExtraSwimSpeed": 0.0,
    "percentageExtraBlockReach": 0.0,
    "percentageExtraEntityReach": 0.0,
    "percentageExtraStepHeightAddition": 0.0,
    "isEnable": true
  }
}